use drezip;

# category
INSERT IGNORE INTO drezip.category (id, avatar_url, color, name, parent_category_id) VALUES (1, 'test', '#0088ff', 'Food', null);
INSERT IGNORE INTO drezip.category (id, avatar_url, color, name, parent_category_id) VALUES (2, 'test', '#ff00e0', 'Household', null);

# receipt
INSERT IGNORE INTO drezip.receipt (id, status, img_url, angle, transaction_id, uploaded_at) VALUES (1, 'Open', 'https://drezip.blob.core.windows.net/local/9b6b01d7-b133-466a-b758-b6309b55bc19.jpeg', -0.6052, null, '2021-02-28');
INSERT IGNORE INTO drezip.receipt (id, status, img_url, angle, transaction_id, uploaded_at) VALUES (2, 'Open', 'https://drezip.blob.core.windows.net/local/5c91693e-b137-4787-9f96-9210908a2d80.jpeg', -0.6052, null, '2021-02-28');
INSERT IGNORE INTO drezip.receipt (id, status, img_url, angle, transaction_id, uploaded_at) VALUES (3, 'Open', 'https://drezip.blob.core.windows.net/local/8cf19e45-3b1b-4af8-b2ee-52eb3e38cf9a.jpeg', -0.6052, null, '2021-02-28');
INSERT IGNORE INTO drezip.receipt (id, status, img_url, angle, transaction_id, uploaded_at) VALUES (4, 'Open', 'https://drezip.blob.core.windows.net/local/1691d113-9120-446d-9630-8e234213bab2.jpeg', 0, null, '2021-02-28');
INSERT IGNORE INTO drezip.receipt (id, status, img_url, angle, transaction_id, uploaded_at) VALUES (5, 'Open', 'https://drezip.blob.core.windows.net/local/f3cc4b50-9feb-48ac-9ade-770575463fd4.jpeg', 0, null, '2021-02-28');
INSERT IGNORE INTO drezip.receipt (id, status, img_url, angle, transaction_id, uploaded_at) VALUES (6, 'Open', 'https://drezip.blob.core.windows.net/local/76af9837-c561-4989-8261-87764902527d.jpeg', -0.3255, null, '2021-02-28');

# line
INSERT IGNORE INTO drezip.line (id, text, top_left_x, top_left_y, top_right_x, top_right_y, bottom_left_x, bottom_left_y, bottom_right_x, bottom_right_y, receipt_id) VALUES (1, 'Schwimmbad Geiselweid', 139, 174, 664, 164, 140, 210, 665, 198, 1);
INSERT IGNORE INTO drezip.line (id, text, top_left_x, top_left_y, top_right_x, top_right_y, bottom_left_x, bottom_left_y, bottom_right_x, bottom_right_y, receipt_id) VALUES (2, 'CHE-114.840.751 MWST', 198, 229, 602, 220, 199, 264, 603, 254, 1);
INSERT IGNORE INTO drezip.line (id, text, top_left_x, top_left_y, top_right_x, top_right_y, bottom_left_x, bottom_left_y, bottom_right_x, bottom_right_y, receipt_id) VALUES (3, 'Pflanzschulstrasse 6a', 222, 287, 569, 277, 223, 325, 570, 316, 1);
INSERT IGNORE INTO drezip.line (id, text, top_left_x, top_left_y, top_right_x, top_right_y, bottom_left_x, bottom_left_y, bottom_right_x, bottom_right_y, receipt_id) VALUES (4, '8400 Winterthur', 269, 344, 526, 336, 269, 376, 527, 368, 1);
INSERT IGNORE INTO drezip.line (id, text, top_left_x, top_left_y, top_right_x, top_right_y, bottom_left_x, bottom_left_y, bottom_right_x, bottom_right_y, receipt_id) VALUES (5, 'Datum: 02.06.2019', 10, 443, 306, 430, 11, 479, 308, 465, 1);
INSERT IGNORE INTO drezip.line (id, text, top_left_x, top_left_y, top_right_x, top_right_y, bottom_left_x, bottom_left_y, bottom_right_x, bottom_right_y, receipt_id) VALUES (6, '15:44 Kassa-Nr', 343, 427, 632, 417, 344, 464, 633, 453, 1);
INSERT IGNORE INTO drezip.line (id, text, top_left_x, top_left_y, top_right_x, top_right_y, bottom_left_x, bottom_left_y, bottom_right_x, bottom_right_y, receipt_id) VALUES (7, '100', 738, 411, 800, 409, 739, 451, 801, 448, 1);
INSERT IGNORE INTO drezip.line (id, text, top_left_x, top_left_y, top_right_x, top_right_y, bottom_left_x, bottom_left_y, bottom_right_x, bottom_right_y, receipt_id) VALUES (8, 'Transaktion:', 12, 505, 198, 500, 13, 540, 199, 535, 1);
INSERT IGNORE INTO drezip.line (id, text, top_left_x, top_left_y, top_right_x, top_right_y, bottom_left_x, bottom_left_y, bottom_right_x, bottom_right_y, receipt_id) VALUES (9, '282168 KassierNr:', 308, 495, 644, 484, 310, 530, 645, 519, 1);
INSERT IGNORE INTO drezip.line (id, text, top_left_x, top_left_y, top_right_x, top_right_y, bottom_left_x, bottom_left_y, bottom_right_x, bottom_right_y, receipt_id) VALUES (10, '6', 774, 484, 800, 485, 771, 511, 797, 512, 1);
INSERT IGNORE INTO drezip.line (id, text, top_left_x, top_left_y, top_right_x, top_right_y, bottom_left_x, bottom_left_y, bottom_right_x, bottom_right_y, receipt_id) VALUES (11, 'Verkaufsbeleg Nr. 132361', 121, 604, 667, 589, 122, 640, 669, 629, 1);
INSERT IGNORE INTO drezip.line (id, text, top_left_x, top_left_y, top_right_x, top_right_y, bottom_left_x, bottom_left_y, bottom_right_x, bottom_right_y, receipt_id) VALUES (12, 'Stk', 11, 691, 51, 691, 11, 714, 51, 715, 1);
INSERT IGNORE INTO drezip.line (id, text, top_left_x, top_left_y, top_right_x, top_right_y, bottom_left_x, bottom_left_y, bottom_right_x, bottom_right_y, receipt_id) VALUES (13, 'Typ', 160, 687, 207, 688, 161, 717, 206, 717, 1);
INSERT IGNORE INTO drezip.line (id, text, top_left_x, top_left_y, top_right_x, top_right_y, bottom_left_x, bottom_left_y, bottom_right_x, bottom_right_y, receipt_id) VALUES (14, 'Einzelpreis', 448, 680, 590, 678, 448, 710, 590, 709, 1);
INSERT IGNORE INTO drezip.line (id, text, top_left_x, top_left_y, top_right_x, top_right_y, bottom_left_x, bottom_left_y, bottom_right_x, bottom_right_y, receipt_id) VALUES (15, 'Gesamt', 691, 676, 792, 675, 691, 702, 793, 700, 1);
INSERT IGNORE INTO drezip.line (id, text, top_left_x, top_left_y, top_right_x, top_right_y, bottom_left_x, bottom_left_y, bottom_right_x, bottom_right_y, receipt_id) VALUES (16, '1', 9, 786, 25, 788, 8, 804, 24, 806, 1);
INSERT IGNORE INTO drezip.line (id, text, top_left_x, top_left_y, top_right_x, top_right_y, bottom_left_x, bottom_left_y, bottom_right_x, bottom_right_y, receipt_id) VALUES (17, 'EZE-B ERW', 157, 778, 312, 775, 158, 805, 313, 802, 1);
INSERT IGNORE INTO drezip.line (id, text, top_left_x, top_left_y, top_right_x, top_right_y, bottom_left_x, bottom_left_y, bottom_right_x, bottom_right_y, receipt_id) VALUES (18, '8.00', 531, 772, 590, 771, 531, 795, 589, 795, 1);
INSERT IGNORE INTO drezip.line (id, text, top_left_x, top_left_y, top_right_x, top_right_y, bottom_left_x, bottom_left_y, bottom_right_x, bottom_right_y, receipt_id) VALUES (19, '8.00', 736, 768, 795, 766, 735, 792, 794, 791, 1);
INSERT IGNORE INTO drezip.line (id, text, top_left_x, top_left_y, top_right_x, top_right_y, bottom_left_x, bottom_left_y, bottom_right_x, bottom_right_y, receipt_id) VALUES (20, 'KKT Integriert', 8, 871, 175, 868, 8, 901, 175, 898, 1);
INSERT IGNORE INTO drezip.line (id, text, top_left_x, top_left_y, top_right_x, top_right_y, bottom_left_x, bottom_left_y, bottom_right_x, bottom_right_y, receipt_id) VALUES (21, '8.00', 737, 857, 796, 857, 737, 883, 796, 882, 1);
INSERT IGNORE INTO drezip.line (id, text, top_left_x, top_left_y, top_right_x, top_right_y, bottom_left_x, bottom_left_y, bottom_right_x, bottom_right_y, receipt_id) VALUES (22, 'Gesamt', 9, 980, 131, 979, 9, 1010, 131, 1009, 1);
INSERT IGNORE INTO drezip.line (id, text, top_left_x, top_left_y, top_right_x, top_right_y, bottom_left_x, bottom_left_y, bottom_right_x, bottom_right_y, receipt_id) VALUES (23, 'CHF', 512, 967, 592, 968, 512, 1006, 592, 1006, 1);
INSERT IGNORE INTO drezip.line (id, text, top_left_x, top_left_y, top_right_x, top_right_y, bottom_left_x, bottom_left_y, bottom_right_x, bottom_right_y, receipt_id) VALUES (24, '8.00', 714, 968, 789, 965, 715, 999, 790, 998, 1);
INSERT IGNORE INTO drezip.line (id, text, top_left_x, top_left_y, top_right_x, top_right_y, bottom_left_x, bottom_left_y, bottom_right_x, bottom_right_y, receipt_id) VALUES (25, 'Nettobetrag:', 8, 1101, 157, 1102, 8, 1128, 156, 1130, 1);
INSERT IGNORE INTO drezip.line (id, text, top_left_x, top_left_y, top_right_x, top_right_y, bottom_left_x, bottom_left_y, bottom_right_x, bottom_right_y, receipt_id) VALUES (26, '7.43', 731, 1090, 788, 1090, 731, 1117, 788, 1116, 1);
INSERT IGNORE INTO drezip.line (id, text, top_left_x, top_left_y, top_right_x, top_right_y, bottom_left_x, bottom_left_y, bottom_right_x, bottom_right_y, receipt_id) VALUES (27, 'Enthaltene Mwst:', 8, 1161, 222, 1161, 8, 1189, 222, 1188, 1);
INSERT IGNORE INTO drezip.line (id, text, top_left_x, top_left_y, top_right_x, top_right_y, bottom_left_x, bottom_left_y, bottom_right_x, bottom_right_y, receipt_id) VALUES (28, '7.7%', 520, 1156, 584, 1156, 520, 1182, 583, 1182, 1);
INSERT IGNORE INTO drezip.line (id, text, top_left_x, top_left_y, top_right_x, top_right_y, bottom_left_x, bottom_left_y, bottom_right_x, bottom_right_y, receipt_id) VALUES (29, '0.57', 724, 1151, 780, 1150, 724, 1177, 780, 1177, 1);
INSERT IGNORE INTO drezip.line (id, text, top_left_x, top_left_y, top_right_x, top_right_y, bottom_left_x, bottom_left_y, bottom_right_x, bottom_right_y, receipt_id) VALUES (30, 'Buchung PostFinance Card Contactless', 13, 1327, 641, 1317, 13, 1362, 642, 1353, 1);
INSERT IGNORE INTO drezip.line (id, text, top_left_x, top_left_y, top_right_x, top_right_y, bottom_left_x, bottom_left_y, bottom_right_x, bottom_right_y, receipt_id) VALUES (31, 'XXXX1666', 11, 1367, 181, 1368, 11, 1403, 181, 1404, 1);
INSERT IGNORE INTO drezip.line (id, text, top_left_x, top_left_y, top_right_x, top_right_y, bottom_left_x, bottom_left_y, bottom_right_x, bottom_right_y, receipt_id) VALUES (32, '02.06.2019', 12, 1415, 189, 1415, 13, 1448, 189, 1447, 1);
INSERT IGNORE INTO drezip.line (id, text, top_left_x, top_left_y, top_right_x, top_right_y, bottom_left_x, bottom_left_y, bottom_right_x, bottom_right_y, receipt_id) VALUES (33, '15:44', 396, 1414, 484, 1413, 398, 1448, 483, 1447, 1);
INSERT IGNORE INTO drezip.line (id, text, top_left_x, top_left_y, top_right_x, top_right_y, bottom_left_x, bottom_left_y, bottom_right_x, bottom_right_y, receipt_id) VALUES (34, 'TID', 18, 1458, 73, 1460, 16, 1488, 73, 1490, 1);
INSERT IGNORE INTO drezip.line (id, text, top_left_x, top_left_y, top_right_x, top_right_y, bottom_left_x, bottom_left_y, bottom_right_x, bottom_right_y, receipt_id) VALUES (35, '31005008', 309, 1460, 471, 1459, 310, 1492, 471, 1491, 1);
INSERT IGNORE INTO drezip.line (id, text, top_left_x, top_left_y, top_right_x, top_right_y, bottom_left_x, bottom_left_y, bottom_right_x, bottom_right_y, receipt_id) VALUES (36, '00074824/1bC1Us', 271, 1501, 575, 1500, 271, 1540, 575, 1538, 1);
INSERT IGNORE INTO drezip.line (id, text, top_left_x, top_left_y, top_right_x, top_right_y, bottom_left_x, bottom_left_y, bottom_right_x, bottom_right_y, receipt_id) VALUES (37, '00000000004', 299, 1549, 519, 1548, 299, 1581, 520, 1581, 1);
INSERT IGNORE INTO drezip.line (id, text, top_left_x, top_left_y, top_right_x, top_right_y, bottom_left_x, bottom_left_y, bottom_right_x, bottom_right_y, receipt_id) VALUES (38, 'CHF', 180, 1643, 253, 1636, 181, 1671, 256, 1664, 1);
INSERT IGNORE INTO drezip.line (id, text, top_left_x, top_left_y, top_right_x, top_right_y, bottom_left_x, bottom_left_y, bottom_right_x, bottom_right_y, receipt_id) VALUES (39, '8.00', 437, 1638, 508, 1637, 437, 1667, 508, 1665, 1);
INSERT IGNORE INTO drezip.line (id, text, top_left_x, top_left_y, top_right_x, top_right_y, bottom_left_x, bottom_left_y, bottom_right_x, bottom_right_y, receipt_id) VALUES (40, 'Schwimmbad Geiselweid', 139, 174, 664, 164, 140, 210, 665, 198, 2);
INSERT IGNORE INTO drezip.line (id, text, top_left_x, top_left_y, top_right_x, top_right_y, bottom_left_x, bottom_left_y, bottom_right_x, bottom_right_y, receipt_id) VALUES (41, 'CHE-114.840.751 MWST', 198, 229, 602, 220, 199, 264, 603, 254, 2);
INSERT IGNORE INTO drezip.line (id, text, top_left_x, top_left_y, top_right_x, top_right_y, bottom_left_x, bottom_left_y, bottom_right_x, bottom_right_y, receipt_id) VALUES (42, 'Pflanzschulstrasse 6a', 222, 287, 569, 277, 223, 325, 570, 316, 2);
INSERT IGNORE INTO drezip.line (id, text, top_left_x, top_left_y, top_right_x, top_right_y, bottom_left_x, bottom_left_y, bottom_right_x, bottom_right_y, receipt_id) VALUES (43, '8400 Winterthur', 269, 344, 526, 336, 269, 376, 527, 368, 2);
INSERT IGNORE INTO drezip.line (id, text, top_left_x, top_left_y, top_right_x, top_right_y, bottom_left_x, bottom_left_y, bottom_right_x, bottom_right_y, receipt_id) VALUES (44, 'Datum: 02.06.2019', 10, 443, 306, 430, 11, 479, 308, 465, 2);
INSERT IGNORE INTO drezip.line (id, text, top_left_x, top_left_y, top_right_x, top_right_y, bottom_left_x, bottom_left_y, bottom_right_x, bottom_right_y, receipt_id) VALUES (45, '15:44 Kassa-Nr', 343, 427, 632, 417, 344, 464, 633, 453, 2);
INSERT IGNORE INTO drezip.line (id, text, top_left_x, top_left_y, top_right_x, top_right_y, bottom_left_x, bottom_left_y, bottom_right_x, bottom_right_y, receipt_id) VALUES (46, '100', 738, 411, 800, 409, 739, 451, 801, 448, 2);
INSERT IGNORE INTO drezip.line (id, text, top_left_x, top_left_y, top_right_x, top_right_y, bottom_left_x, bottom_left_y, bottom_right_x, bottom_right_y, receipt_id) VALUES (47, 'Transaktion:', 12, 505, 198, 500, 13, 540, 199, 535, 2);
INSERT IGNORE INTO drezip.line (id, text, top_left_x, top_left_y, top_right_x, top_right_y, bottom_left_x, bottom_left_y, bottom_right_x, bottom_right_y, receipt_id) VALUES (48, '282168 KassierNr:', 308, 495, 644, 484, 310, 530, 645, 519, 2);
INSERT IGNORE INTO drezip.line (id, text, top_left_x, top_left_y, top_right_x, top_right_y, bottom_left_x, bottom_left_y, bottom_right_x, bottom_right_y, receipt_id) VALUES (49, '6', 774, 484, 800, 485, 771, 511, 797, 512, 2);
INSERT IGNORE INTO drezip.line (id, text, top_left_x, top_left_y, top_right_x, top_right_y, bottom_left_x, bottom_left_y, bottom_right_x, bottom_right_y, receipt_id) VALUES (50, 'Verkaufsbeleg Nr. 132361', 121, 604, 667, 589, 122, 640, 669, 629, 2);
INSERT IGNORE INTO drezip.line (id, text, top_left_x, top_left_y, top_right_x, top_right_y, bottom_left_x, bottom_left_y, bottom_right_x, bottom_right_y, receipt_id) VALUES (51, 'Stk', 11, 691, 51, 691, 11, 714, 51, 715, 2);
INSERT IGNORE INTO drezip.line (id, text, top_left_x, top_left_y, top_right_x, top_right_y, bottom_left_x, bottom_left_y, bottom_right_x, bottom_right_y, receipt_id) VALUES (52, 'Typ', 160, 687, 207, 688, 161, 717, 206, 717, 2);
INSERT IGNORE INTO drezip.line (id, text, top_left_x, top_left_y, top_right_x, top_right_y, bottom_left_x, bottom_left_y, bottom_right_x, bottom_right_y, receipt_id) VALUES (53, 'Einzelpreis', 448, 680, 590, 678, 448, 710, 590, 709, 2);
INSERT IGNORE INTO drezip.line (id, text, top_left_x, top_left_y, top_right_x, top_right_y, bottom_left_x, bottom_left_y, bottom_right_x, bottom_right_y, receipt_id) VALUES (54, 'Gesamt', 691, 676, 792, 675, 691, 702, 793, 700, 2);
INSERT IGNORE INTO drezip.line (id, text, top_left_x, top_left_y, top_right_x, top_right_y, bottom_left_x, bottom_left_y, bottom_right_x, bottom_right_y, receipt_id) VALUES (55, '1', 9, 786, 25, 788, 8, 804, 24, 806, 2);
INSERT IGNORE INTO drezip.line (id, text, top_left_x, top_left_y, top_right_x, top_right_y, bottom_left_x, bottom_left_y, bottom_right_x, bottom_right_y, receipt_id) VALUES (56, 'EZE-B ERW', 157, 778, 312, 775, 158, 805, 313, 802, 2);
INSERT IGNORE INTO drezip.line (id, text, top_left_x, top_left_y, top_right_x, top_right_y, bottom_left_x, bottom_left_y, bottom_right_x, bottom_right_y, receipt_id) VALUES (57, '8.00', 531, 772, 590, 771, 531, 795, 589, 795, 2);
INSERT IGNORE INTO drezip.line (id, text, top_left_x, top_left_y, top_right_x, top_right_y, bottom_left_x, bottom_left_y, bottom_right_x, bottom_right_y, receipt_id) VALUES (58, '8.00', 736, 768, 795, 766, 735, 792, 794, 791, 2);
INSERT IGNORE INTO drezip.line (id, text, top_left_x, top_left_y, top_right_x, top_right_y, bottom_left_x, bottom_left_y, bottom_right_x, bottom_right_y, receipt_id) VALUES (59, 'KKT Integriert', 8, 871, 175, 868, 8, 901, 175, 898, 2);
INSERT IGNORE INTO drezip.line (id, text, top_left_x, top_left_y, top_right_x, top_right_y, bottom_left_x, bottom_left_y, bottom_right_x, bottom_right_y, receipt_id) VALUES (60, '8.00', 737, 857, 796, 857, 737, 883, 796, 882, 2);
INSERT IGNORE INTO drezip.line (id, text, top_left_x, top_left_y, top_right_x, top_right_y, bottom_left_x, bottom_left_y, bottom_right_x, bottom_right_y, receipt_id) VALUES (61, 'Gesamt', 9, 980, 131, 979, 9, 1010, 131, 1009, 2);
INSERT IGNORE INTO drezip.line (id, text, top_left_x, top_left_y, top_right_x, top_right_y, bottom_left_x, bottom_left_y, bottom_right_x, bottom_right_y, receipt_id) VALUES (62, 'CHF', 512, 967, 592, 968, 512, 1006, 592, 1006, 2);
INSERT IGNORE INTO drezip.line (id, text, top_left_x, top_left_y, top_right_x, top_right_y, bottom_left_x, bottom_left_y, bottom_right_x, bottom_right_y, receipt_id) VALUES (63, '8.00', 714, 968, 789, 965, 715, 999, 790, 998, 2);
INSERT IGNORE INTO drezip.line (id, text, top_left_x, top_left_y, top_right_x, top_right_y, bottom_left_x, bottom_left_y, bottom_right_x, bottom_right_y, receipt_id) VALUES (64, 'Nettobetrag:', 8, 1101, 157, 1102, 8, 1128, 156, 1130, 2);
INSERT IGNORE INTO drezip.line (id, text, top_left_x, top_left_y, top_right_x, top_right_y, bottom_left_x, bottom_left_y, bottom_right_x, bottom_right_y, receipt_id) VALUES (65, '7.43', 731, 1090, 788, 1090, 731, 1117, 788, 1116, 2);
INSERT IGNORE INTO drezip.line (id, text, top_left_x, top_left_y, top_right_x, top_right_y, bottom_left_x, bottom_left_y, bottom_right_x, bottom_right_y, receipt_id) VALUES (66, 'Enthaltene Mwst:', 8, 1161, 222, 1161, 8, 1189, 222, 1188, 2);
INSERT IGNORE INTO drezip.line (id, text, top_left_x, top_left_y, top_right_x, top_right_y, bottom_left_x, bottom_left_y, bottom_right_x, bottom_right_y, receipt_id) VALUES (67, '7.7%', 520, 1156, 584, 1156, 520, 1182, 583, 1182, 2);
INSERT IGNORE INTO drezip.line (id, text, top_left_x, top_left_y, top_right_x, top_right_y, bottom_left_x, bottom_left_y, bottom_right_x, bottom_right_y, receipt_id) VALUES (68, '0.57', 724, 1151, 780, 1150, 724, 1177, 780, 1177, 2);
INSERT IGNORE INTO drezip.line (id, text, top_left_x, top_left_y, top_right_x, top_right_y, bottom_left_x, bottom_left_y, bottom_right_x, bottom_right_y, receipt_id) VALUES (69, 'Buchung PostFinance Card Contactless', 13, 1327, 641, 1317, 13, 1362, 642, 1353, 2);
INSERT IGNORE INTO drezip.line (id, text, top_left_x, top_left_y, top_right_x, top_right_y, bottom_left_x, bottom_left_y, bottom_right_x, bottom_right_y, receipt_id) VALUES (70, 'XXXX1666', 11, 1367, 181, 1368, 11, 1403, 181, 1404, 2);
INSERT IGNORE INTO drezip.line (id, text, top_left_x, top_left_y, top_right_x, top_right_y, bottom_left_x, bottom_left_y, bottom_right_x, bottom_right_y, receipt_id) VALUES (71, '02.06.2019', 12, 1415, 189, 1415, 13, 1448, 189, 1447, 2);
INSERT IGNORE INTO drezip.line (id, text, top_left_x, top_left_y, top_right_x, top_right_y, bottom_left_x, bottom_left_y, bottom_right_x, bottom_right_y, receipt_id) VALUES (72, '15:44', 396, 1414, 484, 1413, 398, 1448, 483, 1447, 2);
INSERT IGNORE INTO drezip.line (id, text, top_left_x, top_left_y, top_right_x, top_right_y, bottom_left_x, bottom_left_y, bottom_right_x, bottom_right_y, receipt_id) VALUES (73, 'TID', 18, 1458, 73, 1460, 16, 1488, 73, 1490, 2);
INSERT IGNORE INTO drezip.line (id, text, top_left_x, top_left_y, top_right_x, top_right_y, bottom_left_x, bottom_left_y, bottom_right_x, bottom_right_y, receipt_id) VALUES (74, '31005008', 309, 1460, 471, 1459, 310, 1492, 471, 1491, 2);
INSERT IGNORE INTO drezip.line (id, text, top_left_x, top_left_y, top_right_x, top_right_y, bottom_left_x, bottom_left_y, bottom_right_x, bottom_right_y, receipt_id) VALUES (75, '00074824/1bC1Us', 271, 1501, 575, 1500, 271, 1540, 575, 1538, 2);
INSERT IGNORE INTO drezip.line (id, text, top_left_x, top_left_y, top_right_x, top_right_y, bottom_left_x, bottom_left_y, bottom_right_x, bottom_right_y, receipt_id) VALUES (76, '00000000004', 299, 1549, 519, 1548, 299, 1581, 520, 1581, 2);
INSERT IGNORE INTO drezip.line (id, text, top_left_x, top_left_y, top_right_x, top_right_y, bottom_left_x, bottom_left_y, bottom_right_x, bottom_right_y, receipt_id) VALUES (77, 'CHF', 180, 1643, 253, 1636, 181, 1671, 256, 1664, 2);
INSERT IGNORE INTO drezip.line (id, text, top_left_x, top_left_y, top_right_x, top_right_y, bottom_left_x, bottom_left_y, bottom_right_x, bottom_right_y, receipt_id) VALUES (78, '8.00', 437, 1638, 508, 1637, 437, 1667, 508, 1665, 2);
INSERT IGNORE INTO drezip.line (id, text, top_left_x, top_left_y, top_right_x, top_right_y, bottom_left_x, bottom_left_y, bottom_right_x, bottom_right_y, receipt_id) VALUES (79, 'Schwimmbad Geiselweid', 139, 174, 664, 164, 140, 210, 665, 198, 3);
INSERT IGNORE INTO drezip.line (id, text, top_left_x, top_left_y, top_right_x, top_right_y, bottom_left_x, bottom_left_y, bottom_right_x, bottom_right_y, receipt_id) VALUES (80, 'CHE-114.840.751 MWST', 198, 229, 602, 220, 199, 264, 603, 254, 3);
INSERT IGNORE INTO drezip.line (id, text, top_left_x, top_left_y, top_right_x, top_right_y, bottom_left_x, bottom_left_y, bottom_right_x, bottom_right_y, receipt_id) VALUES (81, 'Pflanzschulstrasse 6a', 222, 287, 569, 277, 223, 325, 570, 316, 3);
INSERT IGNORE INTO drezip.line (id, text, top_left_x, top_left_y, top_right_x, top_right_y, bottom_left_x, bottom_left_y, bottom_right_x, bottom_right_y, receipt_id) VALUES (82, '8400 Winterthur', 269, 344, 526, 336, 269, 376, 527, 368, 3);
INSERT IGNORE INTO drezip.line (id, text, top_left_x, top_left_y, top_right_x, top_right_y, bottom_left_x, bottom_left_y, bottom_right_x, bottom_right_y, receipt_id) VALUES (83, 'Datum: 02.06.2019', 10, 443, 306, 430, 11, 479, 308, 465, 3);
INSERT IGNORE INTO drezip.line (id, text, top_left_x, top_left_y, top_right_x, top_right_y, bottom_left_x, bottom_left_y, bottom_right_x, bottom_right_y, receipt_id) VALUES (84, '15:44 Kassa-Nr', 343, 427, 632, 417, 344, 464, 633, 453, 3);
INSERT IGNORE INTO drezip.line (id, text, top_left_x, top_left_y, top_right_x, top_right_y, bottom_left_x, bottom_left_y, bottom_right_x, bottom_right_y, receipt_id) VALUES (85, '100', 738, 411, 800, 409, 739, 451, 801, 448, 3);
INSERT IGNORE INTO drezip.line (id, text, top_left_x, top_left_y, top_right_x, top_right_y, bottom_left_x, bottom_left_y, bottom_right_x, bottom_right_y, receipt_id) VALUES (86, 'Transaktion:', 12, 505, 198, 500, 13, 540, 199, 535, 3);
INSERT IGNORE INTO drezip.line (id, text, top_left_x, top_left_y, top_right_x, top_right_y, bottom_left_x, bottom_left_y, bottom_right_x, bottom_right_y, receipt_id) VALUES (87, '282168 KassierNr:', 308, 495, 644, 484, 310, 530, 645, 519, 3);
INSERT IGNORE INTO drezip.line (id, text, top_left_x, top_left_y, top_right_x, top_right_y, bottom_left_x, bottom_left_y, bottom_right_x, bottom_right_y, receipt_id) VALUES (88, '6', 774, 484, 800, 485, 771, 511, 797, 512, 3);
INSERT IGNORE INTO drezip.line (id, text, top_left_x, top_left_y, top_right_x, top_right_y, bottom_left_x, bottom_left_y, bottom_right_x, bottom_right_y, receipt_id) VALUES (89, 'Verkaufsbeleg Nr. 132361', 121, 604, 667, 589, 122, 640, 669, 629, 3);
INSERT IGNORE INTO drezip.line (id, text, top_left_x, top_left_y, top_right_x, top_right_y, bottom_left_x, bottom_left_y, bottom_right_x, bottom_right_y, receipt_id) VALUES (90, 'Stk', 11, 691, 51, 691, 11, 714, 51, 715, 3);
INSERT IGNORE INTO drezip.line (id, text, top_left_x, top_left_y, top_right_x, top_right_y, bottom_left_x, bottom_left_y, bottom_right_x, bottom_right_y, receipt_id) VALUES (91, 'Typ', 160, 687, 207, 688, 161, 717, 206, 717, 3);
INSERT IGNORE INTO drezip.line (id, text, top_left_x, top_left_y, top_right_x, top_right_y, bottom_left_x, bottom_left_y, bottom_right_x, bottom_right_y, receipt_id) VALUES (92, 'Einzelpreis', 448, 680, 590, 678, 448, 710, 590, 709, 3);
INSERT IGNORE INTO drezip.line (id, text, top_left_x, top_left_y, top_right_x, top_right_y, bottom_left_x, bottom_left_y, bottom_right_x, bottom_right_y, receipt_id) VALUES (93, 'Gesamt', 691, 676, 792, 675, 691, 702, 793, 700, 3);
INSERT IGNORE INTO drezip.line (id, text, top_left_x, top_left_y, top_right_x, top_right_y, bottom_left_x, bottom_left_y, bottom_right_x, bottom_right_y, receipt_id) VALUES (94, '1', 9, 786, 25, 788, 8, 804, 24, 806, 3);
INSERT IGNORE INTO drezip.line (id, text, top_left_x, top_left_y, top_right_x, top_right_y, bottom_left_x, bottom_left_y, bottom_right_x, bottom_right_y, receipt_id) VALUES (95, 'EZE-B ERW', 157, 778, 312, 775, 158, 805, 313, 802, 3);
INSERT IGNORE INTO drezip.line (id, text, top_left_x, top_left_y, top_right_x, top_right_y, bottom_left_x, bottom_left_y, bottom_right_x, bottom_right_y, receipt_id) VALUES (96, '8.00', 531, 772, 590, 771, 531, 795, 589, 795, 3);
INSERT IGNORE INTO drezip.line (id, text, top_left_x, top_left_y, top_right_x, top_right_y, bottom_left_x, bottom_left_y, bottom_right_x, bottom_right_y, receipt_id) VALUES (97, '8.00', 736, 768, 795, 766, 735, 792, 794, 791, 3);
INSERT IGNORE INTO drezip.line (id, text, top_left_x, top_left_y, top_right_x, top_right_y, bottom_left_x, bottom_left_y, bottom_right_x, bottom_right_y, receipt_id) VALUES (98, 'KKT Integriert', 8, 871, 175, 868, 8, 901, 175, 898, 3);
INSERT IGNORE INTO drezip.line (id, text, top_left_x, top_left_y, top_right_x, top_right_y, bottom_left_x, bottom_left_y, bottom_right_x, bottom_right_y, receipt_id) VALUES (99, '8.00', 737, 857, 796, 857, 737, 883, 796, 882, 3);
INSERT IGNORE INTO drezip.line (id, text, top_left_x, top_left_y, top_right_x, top_right_y, bottom_left_x, bottom_left_y, bottom_right_x, bottom_right_y, receipt_id) VALUES (100, 'Gesamt', 9, 980, 131, 979, 9, 1010, 131, 1009, 3);
INSERT IGNORE INTO drezip.line (id, text, top_left_x, top_left_y, top_right_x, top_right_y, bottom_left_x, bottom_left_y, bottom_right_x, bottom_right_y, receipt_id) VALUES (101, 'CHF', 512, 967, 592, 968, 512, 1006, 592, 1006, 3);
INSERT IGNORE INTO drezip.line (id, text, top_left_x, top_left_y, top_right_x, top_right_y, bottom_left_x, bottom_left_y, bottom_right_x, bottom_right_y, receipt_id) VALUES (102, '8.00', 714, 968, 789, 965, 715, 999, 790, 998, 3);
INSERT IGNORE INTO drezip.line (id, text, top_left_x, top_left_y, top_right_x, top_right_y, bottom_left_x, bottom_left_y, bottom_right_x, bottom_right_y, receipt_id) VALUES (103, 'Nettobetrag:', 8, 1101, 157, 1102, 8, 1128, 156, 1130, 3);
INSERT IGNORE INTO drezip.line (id, text, top_left_x, top_left_y, top_right_x, top_right_y, bottom_left_x, bottom_left_y, bottom_right_x, bottom_right_y, receipt_id) VALUES (104, '7.43', 731, 1090, 788, 1090, 731, 1117, 788, 1116, 3);
INSERT IGNORE INTO drezip.line (id, text, top_left_x, top_left_y, top_right_x, top_right_y, bottom_left_x, bottom_left_y, bottom_right_x, bottom_right_y, receipt_id) VALUES (105, 'Enthaltene Mwst:', 8, 1161, 222, 1161, 8, 1189, 222, 1188, 3);
INSERT IGNORE INTO drezip.line (id, text, top_left_x, top_left_y, top_right_x, top_right_y, bottom_left_x, bottom_left_y, bottom_right_x, bottom_right_y, receipt_id) VALUES (106, '7.7%', 520, 1156, 584, 1156, 520, 1182, 583, 1182, 3);
INSERT IGNORE INTO drezip.line (id, text, top_left_x, top_left_y, top_right_x, top_right_y, bottom_left_x, bottom_left_y, bottom_right_x, bottom_right_y, receipt_id) VALUES (107, '0.57', 724, 1151, 780, 1150, 724, 1177, 780, 1177, 3);
INSERT IGNORE INTO drezip.line (id, text, top_left_x, top_left_y, top_right_x, top_right_y, bottom_left_x, bottom_left_y, bottom_right_x, bottom_right_y, receipt_id) VALUES (108, 'Buchung PostFinance Card Contactless', 13, 1327, 641, 1317, 13, 1362, 642, 1353, 3);
INSERT IGNORE INTO drezip.line (id, text, top_left_x, top_left_y, top_right_x, top_right_y, bottom_left_x, bottom_left_y, bottom_right_x, bottom_right_y, receipt_id) VALUES (109, 'XXXX1666', 11, 1367, 181, 1368, 11, 1403, 181, 1404, 3);
INSERT IGNORE INTO drezip.line (id, text, top_left_x, top_left_y, top_right_x, top_right_y, bottom_left_x, bottom_left_y, bottom_right_x, bottom_right_y, receipt_id) VALUES (110, '02.06.2019', 12, 1415, 189, 1415, 13, 1448, 189, 1447, 3);
INSERT IGNORE INTO drezip.line (id, text, top_left_x, top_left_y, top_right_x, top_right_y, bottom_left_x, bottom_left_y, bottom_right_x, bottom_right_y, receipt_id) VALUES (111, '15:44', 396, 1414, 484, 1413, 398, 1448, 483, 1447, 3);
INSERT IGNORE INTO drezip.line (id, text, top_left_x, top_left_y, top_right_x, top_right_y, bottom_left_x, bottom_left_y, bottom_right_x, bottom_right_y, receipt_id) VALUES (112, 'TID', 18, 1458, 73, 1460, 16, 1488, 73, 1490, 3);
INSERT IGNORE INTO drezip.line (id, text, top_left_x, top_left_y, top_right_x, top_right_y, bottom_left_x, bottom_left_y, bottom_right_x, bottom_right_y, receipt_id) VALUES (113, '31005008', 309, 1460, 471, 1459, 310, 1492, 471, 1491, 3);
INSERT IGNORE INTO drezip.line (id, text, top_left_x, top_left_y, top_right_x, top_right_y, bottom_left_x, bottom_left_y, bottom_right_x, bottom_right_y, receipt_id) VALUES (114, '00074824/1bC1Us', 271, 1501, 575, 1500, 271, 1540, 575, 1538, 3);
INSERT IGNORE INTO drezip.line (id, text, top_left_x, top_left_y, top_right_x, top_right_y, bottom_left_x, bottom_left_y, bottom_right_x, bottom_right_y, receipt_id) VALUES (115, '00000000004', 299, 1549, 519, 1548, 299, 1581, 520, 1581, 3);
INSERT IGNORE INTO drezip.line (id, text, top_left_x, top_left_y, top_right_x, top_right_y, bottom_left_x, bottom_left_y, bottom_right_x, bottom_right_y, receipt_id) VALUES (116, 'CHF', 180, 1643, 253, 1636, 181, 1671, 256, 1664, 3);
INSERT IGNORE INTO drezip.line (id, text, top_left_x, top_left_y, top_right_x, top_right_y, bottom_left_x, bottom_left_y, bottom_right_x, bottom_right_y, receipt_id) VALUES (117, '8.00', 437, 1638, 508, 1637, 437, 1667, 508, 1665, 3);
INSERT IGNORE INTO drezip.line (id, text, top_left_x, top_left_y, top_right_x, top_right_y, bottom_left_x, bottom_left_y, bottom_right_x, bottom_right_y, receipt_id) VALUES (118, 'Schwimmbad Geiselweid', 136, 8, 663, 7, 136, 44, 663, 43, 4);
INSERT IGNORE INTO drezip.line (id, text, top_left_x, top_left_y, top_right_x, top_right_y, bottom_left_x, bottom_left_y, bottom_right_x, bottom_right_y, receipt_id) VALUES (119, 'CHE-114.840.751 MWST', 196, 65, 601, 62, 196, 100, 601, 97, 4);
INSERT IGNORE INTO drezip.line (id, text, top_left_x, top_left_y, top_right_x, top_right_y, bottom_left_x, bottom_left_y, bottom_right_x, bottom_right_y, receipt_id) VALUES (120, 'Pflanzschulstrasse 6a', 224, 125, 567, 124, 224, 158, 568, 156, 4);
INSERT IGNORE INTO drezip.line (id, text, top_left_x, top_left_y, top_right_x, top_right_y, bottom_left_x, bottom_left_y, bottom_right_x, bottom_right_y, receipt_id) VALUES (121, '8400 Winterthur', 265, 180, 523, 179, 265, 214, 523, 212, 4);
INSERT IGNORE INTO drezip.line (id, text, top_left_x, top_left_y, top_right_x, top_right_y, bottom_left_x, bottom_left_y, bottom_right_x, bottom_right_y, receipt_id) VALUES (122, 'Datum: 02.06.2019 15:44 Kassa-Nr', 4, 273, 633, 261, 5, 314, 634, 301, 4);
INSERT IGNORE INTO drezip.line (id, text, top_left_x, top_left_y, top_right_x, top_right_y, bottom_left_x, bottom_left_y, bottom_right_x, bottom_right_y, receipt_id) VALUES (123, '100', 740, 260, 801, 259, 741, 298, 802, 297, 4);
INSERT IGNORE INTO drezip.line (id, text, top_left_x, top_left_y, top_right_x, top_right_y, bottom_left_x, bottom_left_y, bottom_right_x, bottom_right_y, receipt_id) VALUES (124, 'Transaktion:', 7, 339, 196, 338, 7, 374, 196, 373, 4);
INSERT IGNORE INTO drezip.line (id, text, top_left_x, top_left_y, top_right_x, top_right_y, bottom_left_x, bottom_left_y, bottom_right_x, bottom_right_y, receipt_id) VALUES (125, '282168 KassierNr:', 304, 335, 641, 330, 305, 371, 642, 366, 4);
INSERT IGNORE INTO drezip.line (id, text, top_left_x, top_left_y, top_right_x, top_right_y, bottom_left_x, bottom_left_y, bottom_right_x, bottom_right_y, receipt_id) VALUES (126, '6', 770, 333, 797, 334, 768, 360, 796, 361, 4);
INSERT IGNORE INTO drezip.line (id, text, top_left_x, top_left_y, top_right_x, top_right_y, bottom_left_x, bottom_left_y, bottom_right_x, bottom_right_y, receipt_id) VALUES (127, 'Verkaufsbeleg Nr. 132361', 119, 439, 666, 435, 119, 481, 666, 478, 4);
INSERT IGNORE INTO drezip.line (id, text, top_left_x, top_left_y, top_right_x, top_right_y, bottom_left_x, bottom_left_y, bottom_right_x, bottom_right_y, receipt_id) VALUES (128, 'Stk', 5, 525, 47, 525, 6, 550, 46, 550, 4);
INSERT IGNORE INTO drezip.line (id, text, top_left_x, top_left_y, top_right_x, top_right_y, bottom_left_x, bottom_left_y, bottom_right_x, bottom_right_y, receipt_id) VALUES (129, 'Typ', 155, 524, 204, 526, 153, 554, 203, 556, 4);
INSERT IGNORE INTO drezip.line (id, text, top_left_x, top_left_y, top_right_x, top_right_y, bottom_left_x, bottom_left_y, bottom_right_x, bottom_right_y, receipt_id) VALUES (130, 'Einzelpreis', 444, 525, 585, 525, 444, 555, 585, 555, 4);
INSERT IGNORE INTO drezip.line (id, text, top_left_x, top_left_y, top_right_x, top_right_y, bottom_left_x, bottom_left_y, bottom_right_x, bottom_right_y, receipt_id) VALUES (131, 'Gesamt', 687, 526, 788, 526, 687, 552, 788, 552, 4);
INSERT IGNORE INTO drezip.line (id, text, top_left_x, top_left_y, top_right_x, top_right_y, bottom_left_x, bottom_left_y, bottom_right_x, bottom_right_y, receipt_id) VALUES (132, '1', 2, 621, 21, 622, 2, 638, 21, 639, 4);
INSERT IGNORE INTO drezip.line (id, text, top_left_x, top_left_y, top_right_x, top_right_y, bottom_left_x, bottom_left_y, bottom_right_x, bottom_right_y, receipt_id) VALUES (133, 'EZE-B ERW', 153, 617, 307, 617, 153, 643, 307, 644, 4);
INSERT IGNORE INTO drezip.line (id, text, top_left_x, top_left_y, top_right_x, top_right_y, bottom_left_x, bottom_left_y, bottom_right_x, bottom_right_y, receipt_id) VALUES (134, '8.00', 526, 618, 584, 618, 527, 644, 584, 643, 4);
INSERT IGNORE INTO drezip.line (id, text, top_left_x, top_left_y, top_right_x, top_right_y, bottom_left_x, bottom_left_y, bottom_right_x, bottom_right_y, receipt_id) VALUES (135, '8.00', 731, 619, 792, 618, 732, 643, 792, 642, 4);
INSERT IGNORE INTO drezip.line (id, text, top_left_x, top_left_y, top_right_x, top_right_y, bottom_left_x, bottom_left_y, bottom_right_x, bottom_right_y, receipt_id) VALUES (136, 'KKT Integriert', 0, 707, 169, 707, 0, 737, 169, 737, 4);
INSERT IGNORE INTO drezip.line (id, text, top_left_x, top_left_y, top_right_x, top_right_y, bottom_left_x, bottom_left_y, bottom_right_x, bottom_right_y, receipt_id) VALUES (137, '8.00', 733, 708, 790, 709, 732, 734, 790, 735, 4);
INSERT IGNORE INTO drezip.line (id, text, top_left_x, top_left_y, top_right_x, top_right_y, bottom_left_x, bottom_left_y, bottom_right_x, bottom_right_y, receipt_id) VALUES (138, 'Gesamt', 4, 814, 126, 815, 3, 846, 126, 847, 4);
INSERT IGNORE INTO drezip.line (id, text, top_left_x, top_left_y, top_right_x, top_right_y, bottom_left_x, bottom_left_y, bottom_right_x, bottom_right_y, receipt_id) VALUES (139, 'CHF', 506, 815, 586, 818, 506, 852, 585, 854, 4);
INSERT IGNORE INTO drezip.line (id, text, top_left_x, top_left_y, top_right_x, top_right_y, bottom_left_x, bottom_left_y, bottom_right_x, bottom_right_y, receipt_id) VALUES (140, '8.00', 711, 819, 783, 819, 710, 851, 781, 851, 4);
INSERT IGNORE INTO drezip.line (id, text, top_left_x, top_left_y, top_right_x, top_right_y, bottom_left_x, bottom_left_y, bottom_right_x, bottom_right_y, receipt_id) VALUES (141, 'Nettobetrag:', 0, 938, 151, 940, 0, 964, 150, 968, 4);
INSERT IGNORE INTO drezip.line (id, text, top_left_x, top_left_y, top_right_x, top_right_y, bottom_left_x, bottom_left_y, bottom_right_x, bottom_right_y, receipt_id) VALUES (142, '7.43', 726, 944, 782, 944, 725, 970, 781, 970, 4);
INSERT IGNORE INTO drezip.line (id, text, top_left_x, top_left_y, top_right_x, top_right_y, bottom_left_x, bottom_left_y, bottom_right_x, bottom_right_y, receipt_id) VALUES (143, 'Enthaltene Mwst:', 3, 997, 215, 1001, 3, 1025, 215, 1029, 4);
INSERT IGNORE INTO drezip.line (id, text, top_left_x, top_left_y, top_right_x, top_right_y, bottom_left_x, bottom_left_y, bottom_right_x, bottom_right_y, receipt_id) VALUES (144, '7.7%', 512, 1005, 579, 1006, 512, 1030, 579, 1031, 4);
INSERT IGNORE INTO drezip.line (id, text, top_left_x, top_left_y, top_right_x, top_right_y, bottom_left_x, bottom_left_y, bottom_right_x, bottom_right_y, receipt_id) VALUES (145, '0.57', 718, 1005, 776, 1004, 718, 1030, 774, 1030, 4);
INSERT IGNORE INTO drezip.line (id, text, top_left_x, top_left_y, top_right_x, top_right_y, bottom_left_x, bottom_left_y, bottom_right_x, bottom_right_y, receipt_id) VALUES (146, 'Buchung PostFinance Card Contactless', 6, 1163, 633, 1168, 6, 1199, 632, 1203, 4);
INSERT IGNORE INTO drezip.line (id, text, top_left_x, top_left_y, top_right_x, top_right_y, bottom_left_x, bottom_left_y, bottom_right_x, bottom_right_y, receipt_id) VALUES (147, 'XXXX1666', 8, 1204, 174, 1206, 7, 1237, 174, 1240, 4);
INSERT IGNORE INTO drezip.line (id, text, top_left_x, top_left_y, top_right_x, top_right_y, bottom_left_x, bottom_left_y, bottom_right_x, bottom_right_y, receipt_id) VALUES (148, '02.06.2019', 6, 1252, 180, 1254, 6, 1284, 180, 1286, 4);
INSERT IGNORE INTO drezip.line (id, text, top_left_x, top_left_y, top_right_x, top_right_y, bottom_left_x, bottom_left_y, bottom_right_x, bottom_right_y, receipt_id) VALUES (149, '15:44', 386, 1260, 476, 1261, 387, 1293, 476, 1294, 4);
INSERT IGNORE INTO drezip.line (id, text, top_left_x, top_left_y, top_right_x, top_right_y, bottom_left_x, bottom_left_y, bottom_right_x, bottom_right_y, receipt_id) VALUES (150, 'ID', 23, 1291, 71, 1292, 21, 1328, 69, 1330, 4);
INSERT IGNORE INTO drezip.line (id, text, top_left_x, top_left_y, top_right_x, top_right_y, bottom_left_x, bottom_left_y, bottom_right_x, bottom_right_y, receipt_id) VALUES (151, '31005008', 300, 1303, 463, 1305, 300, 1334, 462, 1337, 4);
INSERT IGNORE INTO drezip.line (id, text, top_left_x, top_left_y, top_right_x, top_right_y, bottom_left_x, bottom_left_y, bottom_right_x, bottom_right_y, receipt_id) VALUES (152, '00074824/1bC1Us', 267, 1347, 566, 1353, 266, 1379, 565, 1386, 4);
INSERT IGNORE INTO drezip.line (id, text, top_left_x, top_left_y, top_right_x, top_right_y, bottom_left_x, bottom_left_y, bottom_right_x, bottom_right_y, receipt_id) VALUES (153, '00000000004', 289, 1388, 513, 1392, 289, 1426, 513, 1430, 4);
INSERT IGNORE INTO drezip.line (id, text, top_left_x, top_left_y, top_right_x, top_right_y, bottom_left_x, bottom_left_y, bottom_right_x, bottom_right_y, receipt_id) VALUES (154, 'CHF:', 174, 1481, 249, 1477, 175, 1509, 250, 1507, 4);
INSERT IGNORE INTO drezip.line (id, text, top_left_x, top_left_y, top_right_x, top_right_y, bottom_left_x, bottom_left_y, bottom_right_x, bottom_right_y, receipt_id) VALUES (155, '8.00', 427, 1483, 496, 1483, 427, 1512, 497, 1512, 4);
INSERT IGNORE INTO drezip.line (id, text, top_left_x, top_left_y, top_right_x, top_right_y, bottom_left_x, bottom_left_y, bottom_right_x, bottom_right_y, receipt_id) VALUES (156, 'Schwimmbad Geiselweid', 136, 8, 663, 7, 136, 44, 663, 43, 5);
INSERT IGNORE INTO drezip.line (id, text, top_left_x, top_left_y, top_right_x, top_right_y, bottom_left_x, bottom_left_y, bottom_right_x, bottom_right_y, receipt_id) VALUES (157, 'CHE-114.840.751 MWST', 196, 65, 601, 62, 196, 100, 601, 97, 5);
INSERT IGNORE INTO drezip.line (id, text, top_left_x, top_left_y, top_right_x, top_right_y, bottom_left_x, bottom_left_y, bottom_right_x, bottom_right_y, receipt_id) VALUES (158, 'Pflanzschulstrasse 6a', 224, 125, 567, 124, 224, 158, 568, 156, 5);
INSERT IGNORE INTO drezip.line (id, text, top_left_x, top_left_y, top_right_x, top_right_y, bottom_left_x, bottom_left_y, bottom_right_x, bottom_right_y, receipt_id) VALUES (159, '8400 Winterthur', 265, 180, 523, 179, 265, 214, 523, 212, 5);
INSERT IGNORE INTO drezip.line (id, text, top_left_x, top_left_y, top_right_x, top_right_y, bottom_left_x, bottom_left_y, bottom_right_x, bottom_right_y, receipt_id) VALUES (160, 'Datum: 02.06.2019 15:44 Kassa-Nr', 4, 273, 633, 261, 5, 314, 634, 301, 5);
INSERT IGNORE INTO drezip.line (id, text, top_left_x, top_left_y, top_right_x, top_right_y, bottom_left_x, bottom_left_y, bottom_right_x, bottom_right_y, receipt_id) VALUES (161, '100', 740, 260, 801, 259, 741, 298, 802, 297, 5);
INSERT IGNORE INTO drezip.line (id, text, top_left_x, top_left_y, top_right_x, top_right_y, bottom_left_x, bottom_left_y, bottom_right_x, bottom_right_y, receipt_id) VALUES (162, 'Transaktion:', 7, 339, 196, 338, 7, 374, 196, 373, 5);
INSERT IGNORE INTO drezip.line (id, text, top_left_x, top_left_y, top_right_x, top_right_y, bottom_left_x, bottom_left_y, bottom_right_x, bottom_right_y, receipt_id) VALUES (163, '282168 KassierNr:', 304, 335, 641, 330, 305, 371, 642, 366, 5);
INSERT IGNORE INTO drezip.line (id, text, top_left_x, top_left_y, top_right_x, top_right_y, bottom_left_x, bottom_left_y, bottom_right_x, bottom_right_y, receipt_id) VALUES (164, '6', 770, 333, 797, 334, 768, 360, 796, 361, 5);
INSERT IGNORE INTO drezip.line (id, text, top_left_x, top_left_y, top_right_x, top_right_y, bottom_left_x, bottom_left_y, bottom_right_x, bottom_right_y, receipt_id) VALUES (165, 'Verkaufsbeleg Nr. 132361', 119, 439, 666, 435, 119, 481, 666, 478, 5);
INSERT IGNORE INTO drezip.line (id, text, top_left_x, top_left_y, top_right_x, top_right_y, bottom_left_x, bottom_left_y, bottom_right_x, bottom_right_y, receipt_id) VALUES (166, 'Stk', 5, 525, 47, 525, 6, 550, 46, 550, 5);
INSERT IGNORE INTO drezip.line (id, text, top_left_x, top_left_y, top_right_x, top_right_y, bottom_left_x, bottom_left_y, bottom_right_x, bottom_right_y, receipt_id) VALUES (167, 'Typ', 155, 524, 204, 526, 153, 554, 203, 556, 5);
INSERT IGNORE INTO drezip.line (id, text, top_left_x, top_left_y, top_right_x, top_right_y, bottom_left_x, bottom_left_y, bottom_right_x, bottom_right_y, receipt_id) VALUES (168, 'Einzelpreis', 444, 525, 585, 525, 444, 555, 585, 555, 5);
INSERT IGNORE INTO drezip.line (id, text, top_left_x, top_left_y, top_right_x, top_right_y, bottom_left_x, bottom_left_y, bottom_right_x, bottom_right_y, receipt_id) VALUES (169, 'Gesamt', 687, 526, 788, 526, 687, 552, 788, 552, 5);
INSERT IGNORE INTO drezip.line (id, text, top_left_x, top_left_y, top_right_x, top_right_y, bottom_left_x, bottom_left_y, bottom_right_x, bottom_right_y, receipt_id) VALUES (170, '1', 2, 621, 21, 622, 2, 638, 21, 639, 5);
INSERT IGNORE INTO drezip.line (id, text, top_left_x, top_left_y, top_right_x, top_right_y, bottom_left_x, bottom_left_y, bottom_right_x, bottom_right_y, receipt_id) VALUES (171, 'EZE-B ERW', 153, 617, 307, 617, 153, 643, 307, 644, 5);
INSERT IGNORE INTO drezip.line (id, text, top_left_x, top_left_y, top_right_x, top_right_y, bottom_left_x, bottom_left_y, bottom_right_x, bottom_right_y, receipt_id) VALUES (172, '8.00', 526, 618, 584, 618, 527, 644, 584, 643, 5);
INSERT IGNORE INTO drezip.line (id, text, top_left_x, top_left_y, top_right_x, top_right_y, bottom_left_x, bottom_left_y, bottom_right_x, bottom_right_y, receipt_id) VALUES (173, '8.00', 731, 619, 792, 618, 732, 643, 792, 642, 5);
INSERT IGNORE INTO drezip.line (id, text, top_left_x, top_left_y, top_right_x, top_right_y, bottom_left_x, bottom_left_y, bottom_right_x, bottom_right_y, receipt_id) VALUES (174, 'KKT Integriert', 0, 707, 169, 707, 0, 737, 169, 737, 5);
INSERT IGNORE INTO drezip.line (id, text, top_left_x, top_left_y, top_right_x, top_right_y, bottom_left_x, bottom_left_y, bottom_right_x, bottom_right_y, receipt_id) VALUES (175, '8.00', 733, 708, 790, 709, 732, 734, 790, 735, 5);
INSERT IGNORE INTO drezip.line (id, text, top_left_x, top_left_y, top_right_x, top_right_y, bottom_left_x, bottom_left_y, bottom_right_x, bottom_right_y, receipt_id) VALUES (176, 'Gesamt', 4, 814, 126, 815, 3, 846, 126, 847, 5);
INSERT IGNORE INTO drezip.line (id, text, top_left_x, top_left_y, top_right_x, top_right_y, bottom_left_x, bottom_left_y, bottom_right_x, bottom_right_y, receipt_id) VALUES (177, 'CHF', 506, 815, 586, 818, 506, 852, 585, 854, 5);
INSERT IGNORE INTO drezip.line (id, text, top_left_x, top_left_y, top_right_x, top_right_y, bottom_left_x, bottom_left_y, bottom_right_x, bottom_right_y, receipt_id) VALUES (178, '8.00', 711, 819, 783, 819, 710, 851, 781, 851, 5);
INSERT IGNORE INTO drezip.line (id, text, top_left_x, top_left_y, top_right_x, top_right_y, bottom_left_x, bottom_left_y, bottom_right_x, bottom_right_y, receipt_id) VALUES (179, 'Nettobetrag:', 0, 938, 151, 940, 0, 964, 150, 968, 5);
INSERT IGNORE INTO drezip.line (id, text, top_left_x, top_left_y, top_right_x, top_right_y, bottom_left_x, bottom_left_y, bottom_right_x, bottom_right_y, receipt_id) VALUES (180, '7.43', 726, 944, 782, 944, 725, 970, 781, 970, 5);
INSERT IGNORE INTO drezip.line (id, text, top_left_x, top_left_y, top_right_x, top_right_y, bottom_left_x, bottom_left_y, bottom_right_x, bottom_right_y, receipt_id) VALUES (181, 'Enthaltene Mwst:', 3, 997, 215, 1001, 3, 1025, 215, 1029, 5);
INSERT IGNORE INTO drezip.line (id, text, top_left_x, top_left_y, top_right_x, top_right_y, bottom_left_x, bottom_left_y, bottom_right_x, bottom_right_y, receipt_id) VALUES (182, '7.7%', 512, 1005, 579, 1006, 512, 1030, 579, 1031, 5);
INSERT IGNORE INTO drezip.line (id, text, top_left_x, top_left_y, top_right_x, top_right_y, bottom_left_x, bottom_left_y, bottom_right_x, bottom_right_y, receipt_id) VALUES (183, '0.57', 718, 1005, 776, 1004, 718, 1030, 774, 1030, 5);
INSERT IGNORE INTO drezip.line (id, text, top_left_x, top_left_y, top_right_x, top_right_y, bottom_left_x, bottom_left_y, bottom_right_x, bottom_right_y, receipt_id) VALUES (184, 'Buchung PostFinance Card Contactless', 6, 1163, 633, 1168, 6, 1199, 632, 1203, 5);
INSERT IGNORE INTO drezip.line (id, text, top_left_x, top_left_y, top_right_x, top_right_y, bottom_left_x, bottom_left_y, bottom_right_x, bottom_right_y, receipt_id) VALUES (185, 'XXXX1666', 8, 1204, 174, 1206, 7, 1237, 174, 1240, 5);
INSERT IGNORE INTO drezip.line (id, text, top_left_x, top_left_y, top_right_x, top_right_y, bottom_left_x, bottom_left_y, bottom_right_x, bottom_right_y, receipt_id) VALUES (186, '02.06.2019', 6, 1252, 180, 1254, 6, 1284, 180, 1286, 5);
INSERT IGNORE INTO drezip.line (id, text, top_left_x, top_left_y, top_right_x, top_right_y, bottom_left_x, bottom_left_y, bottom_right_x, bottom_right_y, receipt_id) VALUES (187, '15:44', 386, 1260, 476, 1261, 387, 1293, 476, 1294, 5);
INSERT IGNORE INTO drezip.line (id, text, top_left_x, top_left_y, top_right_x, top_right_y, bottom_left_x, bottom_left_y, bottom_right_x, bottom_right_y, receipt_id) VALUES (188, 'ID', 23, 1291, 71, 1292, 21, 1328, 69, 1330, 5);
INSERT IGNORE INTO drezip.line (id, text, top_left_x, top_left_y, top_right_x, top_right_y, bottom_left_x, bottom_left_y, bottom_right_x, bottom_right_y, receipt_id) VALUES (189, '31005008', 300, 1303, 463, 1305, 300, 1334, 462, 1337, 5);
INSERT IGNORE INTO drezip.line (id, text, top_left_x, top_left_y, top_right_x, top_right_y, bottom_left_x, bottom_left_y, bottom_right_x, bottom_right_y, receipt_id) VALUES (190, '00074824/1bC1Us', 267, 1347, 566, 1353, 266, 1379, 565, 1386, 5);
INSERT IGNORE INTO drezip.line (id, text, top_left_x, top_left_y, top_right_x, top_right_y, bottom_left_x, bottom_left_y, bottom_right_x, bottom_right_y, receipt_id) VALUES (191, '00000000004', 289, 1388, 513, 1392, 289, 1426, 513, 1430, 5);
INSERT IGNORE INTO drezip.line (id, text, top_left_x, top_left_y, top_right_x, top_right_y, bottom_left_x, bottom_left_y, bottom_right_x, bottom_right_y, receipt_id) VALUES (192, 'CHF:', 174, 1481, 249, 1477, 175, 1509, 250, 1507, 5);
INSERT IGNORE INTO drezip.line (id, text, top_left_x, top_left_y, top_right_x, top_right_y, bottom_left_x, bottom_left_y, bottom_right_x, bottom_right_y, receipt_id) VALUES (193, '8.00', 427, 1483, 496, 1483, 427, 1512, 497, 1512, 5);
INSERT IGNORE INTO drezip.line (id, text, top_left_x, top_left_y, top_right_x, top_right_y, bottom_left_x, bottom_left_y, bottom_right_x, bottom_right_y, receipt_id) VALUES (194, 'Schwimmbad Geiselweid', 145, 153, 673, 155, 145, 188, 673, 190, 6);
INSERT IGNORE INTO drezip.line (id, text, top_left_x, top_left_y, top_right_x, top_right_y, bottom_left_x, bottom_left_y, bottom_right_x, bottom_right_y, receipt_id) VALUES (195, 'CHE-114.840.751 MWST', 204, 209, 611, 209, 204, 243, 611, 242, 6);
INSERT IGNORE INTO drezip.line (id, text, top_left_x, top_left_y, top_right_x, top_right_y, bottom_left_x, bottom_left_y, bottom_right_x, bottom_right_y, receipt_id) VALUES (196, 'Pflanzschulstrasse 6a', 234, 269, 579, 268, 234, 302, 579, 300, 6);
INSERT IGNORE INTO drezip.line (id, text, top_left_x, top_left_y, top_right_x, top_right_y, bottom_left_x, bottom_left_y, bottom_right_x, bottom_right_y, receipt_id) VALUES (197, '8400 Winterthur', 277, 324, 534, 322, 277, 355, 534, 354, 6);
INSERT IGNORE INTO drezip.line (id, text, top_left_x, top_left_y, top_right_x, top_right_y, bottom_left_x, bottom_left_y, bottom_right_x, bottom_right_y, receipt_id) VALUES (198, 'Datum: 02.06.2019 15:44 Kassa-Nr', 11, 415, 643, 403, 12, 457, 644, 442, 6);
INSERT IGNORE INTO drezip.line (id, text, top_left_x, top_left_y, top_right_x, top_right_y, bottom_left_x, bottom_left_y, bottom_right_x, bottom_right_y, receipt_id) VALUES (199, '100', 747, 405, 810, 403, 749, 437, 810, 435, 6);
INSERT IGNORE INTO drezip.line (id, text, top_left_x, top_left_y, top_right_x, top_right_y, bottom_left_x, bottom_left_y, bottom_right_x, bottom_right_y, receipt_id) VALUES (200, 'Transaktion:', 14, 481, 204, 480, 14, 516, 204, 515, 6);
INSERT IGNORE INTO drezip.line (id, text, top_left_x, top_left_y, top_right_x, top_right_y, bottom_left_x, bottom_left_y, bottom_right_x, bottom_right_y, receipt_id) VALUES (201, '282168 KassierNr:', 313, 474, 656, 469, 313, 513, 657, 509, 6);
INSERT IGNORE INTO drezip.line (id, text, top_left_x, top_left_y, top_right_x, top_right_y, bottom_left_x, bottom_left_y, bottom_right_x, bottom_right_y, receipt_id) VALUES (202, '6', 780, 473, 805, 473, 780, 501, 805, 501, 6);
INSERT IGNORE INTO drezip.line (id, text, top_left_x, top_left_y, top_right_x, top_right_y, bottom_left_x, bottom_left_y, bottom_right_x, bottom_right_y, receipt_id) VALUES (203, 'Verkaufsbeleg Nr. 132361', 124, 582, 678, 576, 124, 620, 679, 616, 6);
INSERT IGNORE INTO drezip.line (id, text, top_left_x, top_left_y, top_right_x, top_right_y, bottom_left_x, bottom_left_y, bottom_right_x, bottom_right_y, receipt_id) VALUES (204, 'Stk', 11, 668, 52, 669, 10, 692, 52, 693, 6);
INSERT IGNORE INTO drezip.line (id, text, top_left_x, top_left_y, top_right_x, top_right_y, bottom_left_x, bottom_left_y, bottom_right_x, bottom_right_y, receipt_id) VALUES (205, 'Typ', 166, 667, 214, 668, 165, 697, 212, 700, 6);
INSERT IGNORE INTO drezip.line (id, text, top_left_x, top_left_y, top_right_x, top_right_y, bottom_left_x, bottom_left_y, bottom_right_x, bottom_right_y, receipt_id) VALUES (206, 'Einzelpreis', 457, 664, 599, 664, 457, 695, 599, 694, 6);
INSERT IGNORE INTO drezip.line (id, text, top_left_x, top_left_y, top_right_x, top_right_y, bottom_left_x, bottom_left_y, bottom_right_x, bottom_right_y, receipt_id) VALUES (207, 'Gesamt', 700, 664, 800, 664, 700, 690, 800, 689, 6);
INSERT IGNORE INTO drezip.line (id, text, top_left_x, top_left_y, top_right_x, top_right_y, bottom_left_x, bottom_left_y, bottom_right_x, bottom_right_y, receipt_id) VALUES (208, '1', 8, 766, 25, 767, 7, 783, 24, 784, 6);
INSERT IGNORE INTO drezip.line (id, text, top_left_x, top_left_y, top_right_x, top_right_y, bottom_left_x, bottom_left_y, bottom_right_x, bottom_right_y, receipt_id) VALUES (209, 'EZE-B ERW', 161, 759, 319, 759, 161, 786, 319, 785, 6);
INSERT IGNORE INTO drezip.line (id, text, top_left_x, top_left_y, top_right_x, top_right_y, bottom_left_x, bottom_left_y, bottom_right_x, bottom_right_y, receipt_id) VALUES (210, '8.00', 539, 757, 598, 757, 539, 781, 598, 781, 6);
INSERT IGNORE INTO drezip.line (id, text, top_left_x, top_left_y, top_right_x, top_right_y, bottom_left_x, bottom_left_y, bottom_right_x, bottom_right_y, receipt_id) VALUES (211, '8.00', 745, 755, 803, 754, 746, 779, 804, 779, 6);
INSERT IGNORE INTO drezip.line (id, text, top_left_x, top_left_y, top_right_x, top_right_y, bottom_left_x, bottom_left_y, bottom_right_x, bottom_right_y, receipt_id) VALUES (212, 'KKT Integriert', 6, 852, 177, 850, 6, 883, 178, 881, 6);
INSERT IGNORE INTO drezip.line (id, text, top_left_x, top_left_y, top_right_x, top_right_y, bottom_left_x, bottom_left_y, bottom_right_x, bottom_right_y, receipt_id) VALUES (213, '8.00', 746, 845, 804, 844, 746, 870, 804, 871, 6);
INSERT IGNORE INTO drezip.line (id, text, top_left_x, top_left_y, top_right_x, top_right_y, bottom_left_x, bottom_left_y, bottom_right_x, bottom_right_y, receipt_id) VALUES (214, 'Gesamt', 7, 960, 135, 959, 7, 999, 135, 998, 6);
INSERT IGNORE INTO drezip.line (id, text, top_left_x, top_left_y, top_right_x, top_right_y, bottom_left_x, bottom_left_y, bottom_right_x, bottom_right_y, receipt_id) VALUES (215, 'CHF', 519, 958, 600, 958, 519, 991, 599, 990, 6);
INSERT IGNORE INTO drezip.line (id, text, top_left_x, top_left_y, top_right_x, top_right_y, bottom_left_x, bottom_left_y, bottom_right_x, bottom_right_y, receipt_id) VALUES (216, '8.00', 724, 955, 799, 956, 725, 988, 799, 987, 6);
INSERT IGNORE INTO drezip.line (id, text, top_left_x, top_left_y, top_right_x, top_right_y, bottom_left_x, bottom_left_y, bottom_right_x, bottom_right_y, receipt_id) VALUES (217, 'Nettobetrag:', 4, 1086, 159, 1089, 4, 1116, 158, 1119, 6);
INSERT IGNORE INTO drezip.line (id, text, top_left_x, top_left_y, top_right_x, top_right_y, bottom_left_x, bottom_left_y, bottom_right_x, bottom_right_y, receipt_id) VALUES (218, '7.43', 740, 1081, 798, 1080, 740, 1108, 798, 1107, 6);
INSERT IGNORE INTO drezip.line (id, text, top_left_x, top_left_y, top_right_x, top_right_y, bottom_left_x, bottom_left_y, bottom_right_x, bottom_right_y, receipt_id) VALUES (219, 'Enthaltene Mwst:', 3, 1150, 224, 1150, 3, 1178, 224, 1178, 6);
INSERT IGNORE INTO drezip.line (id, text, top_left_x, top_left_y, top_right_x, top_right_y, bottom_left_x, bottom_left_y, bottom_right_x, bottom_right_y, receipt_id) VALUES (220, '7.7%', 528, 1147, 593, 1147, 529, 1173, 593, 1172, 6);
INSERT IGNORE INTO drezip.line (id, text, top_left_x, top_left_y, top_right_x, top_right_y, bottom_left_x, bottom_left_y, bottom_right_x, bottom_right_y, receipt_id) VALUES (221, '0.57', 735, 1142, 793, 1141, 735, 1167, 792, 1166, 6);
INSERT IGNORE INTO drezip.line (id, text, top_left_x, top_left_y, top_right_x, top_right_y, bottom_left_x, bottom_left_y, bottom_right_x, bottom_right_y, receipt_id) VALUES (222, 'Buchung PostFinance Card Contactless', 3, 1319, 652, 1308, 3, 1360, 653, 1348, 6);
INSERT IGNORE INTO drezip.line (id, text, top_left_x, top_left_y, top_right_x, top_right_y, bottom_left_x, bottom_left_y, bottom_right_x, bottom_right_y, receipt_id) VALUES (223, 'XXXX1666', 7, 1361, 183, 1360, 7, 1401, 183, 1400, 6);
INSERT IGNORE INTO drezip.line (id, text, top_left_x, top_left_y, top_right_x, top_right_y, bottom_left_x, bottom_left_y, bottom_right_x, bottom_right_y, receipt_id) VALUES (224, '02.06.2019', 7, 1412, 188, 1411, 8, 1446, 188, 1445, 6);
INSERT IGNORE INTO drezip.line (id, text, top_left_x, top_left_y, top_right_x, top_right_y, bottom_left_x, bottom_left_y, bottom_right_x, bottom_right_y, receipt_id) VALUES (225, '15:44', 402, 1411, 492, 1410, 403, 1444, 492, 1441, 6);
INSERT IGNORE INTO drezip.line (id, text, top_left_x, top_left_y, top_right_x, top_right_y, bottom_left_x, bottom_left_y, bottom_right_x, bottom_right_y, receipt_id) VALUES (226, 'TID', 11, 1458, 67, 1459, 10, 1487, 67, 1489, 6);
INSERT IGNORE INTO drezip.line (id, text, top_left_x, top_left_y, top_right_x, top_right_y, bottom_left_x, bottom_left_y, bottom_right_x, bottom_right_y, receipt_id) VALUES (227, '31005008', 315, 1454, 481, 1453, 316, 1492, 482, 1491, 6);
INSERT IGNORE INTO drezip.line (id, text, top_left_x, top_left_y, top_right_x, top_right_y, bottom_left_x, bottom_left_y, bottom_right_x, bottom_right_y, receipt_id) VALUES (228, '00074824/1bC1Us', 276, 1503, 584, 1501, 276, 1538, 584, 1535, 6);
INSERT IGNORE INTO drezip.line (id, text, top_left_x, top_left_y, top_right_x, top_right_y, bottom_left_x, bottom_left_y, bottom_right_x, bottom_right_y, receipt_id) VALUES (229, '00000000004', 302, 1550, 528, 1547, 303, 1583, 528, 1580, 6);
INSERT IGNORE INTO drezip.line (id, text, top_left_x, top_left_y, top_right_x, top_right_y, bottom_left_x, bottom_left_y, bottom_right_x, bottom_right_y, receipt_id) VALUES (230, 'CHF', 180, 1647, 255, 1641, 181, 1676, 258, 1669, 6);
INSERT IGNORE INTO drezip.line (id, text, top_left_x, top_left_y, top_right_x, top_right_y, bottom_left_x, bottom_left_y, bottom_right_x, bottom_right_y, receipt_id) VALUES (231, '8.00', 442, 1640, 514, 1640, 443, 1671, 514, 1668, 6);

# receipt-item
INSERT IGNORE INTO drezip.receipt_item (id, receipt_id, label, label_line_id, value, value_line_id, type, category_id) VALUES (1, 1, 'KKT Integriert', 20, 8, 21, 'Category', 1);
INSERT IGNORE INTO drezip.receipt_item (id, receipt_id, label, label_line_id, value, value_line_id, type, category_id) VALUES (2, 1, '7.7%', 28, 0.57, 29, 'Tax', null);

INSERT INTO drezip.receipt_item (id, receipt_id, type) VALUES(3, 1, 'Total');
INSERT INTO drezip.receipt_item (id, receipt_id, type) VALUES(4, 1, 'Date');